Nombre,Matemáticas,Ciencias,Inglés,Media
Juan,75,80,78,77.66666666666667
Ana,85,70,88,81.0
María,90,88,94,90.66666666666667
